1,http://www.cdtde.com/m/view.php?aid=402,知识分享：何为寿德匾
2,http://www.cdtde.com/m/view.php?aid=389,知识分享 | 传承匾额文化
3,http://www.cdtde.com/m/view.php?aid=292,浅谈中国楹联起源
4,http://www.cdtde.com/m/view.php?aid=291,楹联中的情趣
5,http://www.cdtde.com/m/view.php?aid=290,如何选择春联?
6,http://www.cdtde.com/m/view.php?aid=289,春联艺术的特点
7,http://www.cdtde.com/m/view.php?aid=201,故宫大殿上牌匾背后的故事你可知道？
8,http://www.cdtde.com/m/view.php?aid=200,紫禁城那些牌匾背后的国家哲学，你知道多少？
9,http://www.cdtde.com/m/view.php?aid=199,浅谈匾额文化之匾额性质分类
10,http://www.cdtde.com/m/view.php?aid=198,浅谈中国传统匾额文化（匾额文化起源与发展）
